metricType,values,author.id,author.name
AcademicCorporateCollaboration,"[{'collabType': 'Academic-corporate collaboration', 'value': 0, 'percentage': 0.0}, {'collabType': 'No academic-corporate collaboration', 'value': 2, 'percentage': 100.0}]",57220780331,"Hammill, Dillon J."
AcademicCorporateCollaboration,"[{'collabType': 'Academic-corporate collaboration', 'value': 0, 'percentage': 0.0}, {'collabType': 'No academic-corporate collaboration', 'value': 39, 'percentage': 100.0}]",7004340228,"Arcos-Burgos, Mauricio"
AcademicCorporateCollaboration,"[{'collabType': 'Academic-corporate collaboration', 'value': 0, 'percentage': 0.0}, {'collabType': 'No academic-corporate collaboration', 'value': 42, 'percentage': 100.0}]",23089970900,"Burgio, Gaétan"
AcademicCorporateCollaboration,"[{'collabType': 'Academic-corporate collaboration', 'value': 0, 'percentage': 0.0}, {'collabType': 'No academic-corporate collaboration', 'value': 7, 'percentage': 100.0}]",57200367869,"Mathur, Anukriti"
AcademicCorporateCollaboration,"[{'collabType': 'Academic-corporate collaboration', 'value': 0, 'percentage': 0.0}, {'collabType': 'No academic-corporate collaboration', 'value': 27, 'percentage': 100.0}]",6701775349,"Tscharke, David C."
AcademicCorporateCollaboration,"[{'collabType': 'Academic-corporate collaboration', 'value': 0, 'percentage': 0.0}, {'collabType': 'No academic-corporate collaboration', 'value': 7, 'percentage': 100.0}]",55922501300,"Barratt, Kristen S."
AcademicCorporateCollaboration,"[{'collabType': 'Academic-corporate collaboration', 'value': 0, 'percentage': 0.0}, {'collabType': 'No academic-corporate collaboration', 'value': 19, 'percentage': 100.0}]",6603720477,"Preiss, Thomas"
AcademicCorporateCollaboration,"[{'collabType': 'Academic-corporate collaboration', 'value': 1, 'percentage': 5.263158}, {'collabType': 'No academic-corporate collaboration', 'value': 18, 'percentage': 94.73685}]",7004347903,"Easteal, Simon"
AcademicCorporateCollaboration,"[{'collabType': 'Academic-corporate collaboration', 'value': 0, 'percentage': 0.0}, {'collabType': 'No academic-corporate collaboration', 'value': 4, 'percentage': 100.0}]",55091028800,"Ranjbar-Slamloo, Yadollah"
AcademicCorporateCollaboration,"[{'collabType': 'Academic-corporate collaboration', 'value': 1, 'percentage': 5.882353}, {'collabType': 'No academic-corporate collaboration', 'value': 16, 'percentage': 94.117645}]",6505898040,"Coupland, Lucy A."
AcademicCorporateCollaboration,"[{'collabType': 'Academic-corporate collaboration', 'value': 0, 'percentage': 0.0}, {'collabType': 'No academic-corporate collaboration', 'value': 19, 'percentage': 100.0}]",36952990000,"Jiang, Simon H.T."
AcademicCorporateCollaboration,"[{'collabType': 'Academic-corporate collaboration', 'value': 0, 'percentage': 0.0}, {'collabType': 'No academic-corporate collaboration', 'value': 18, 'percentage': 100.0}]",6603095096,"Mastronardi, Claudio"
AcademicCorporateCollaboration,"[{'collabType': 'Academic-corporate collaboration', 'value': 0, 'percentage': 0.0}, {'collabType': 'No academic-corporate collaboration', 'value': 2, 'percentage': 100.0}]",57204589377,"Cardinez, Chelisa"
AcademicCorporateCollaboration,"[{'collabType': 'Academic-corporate collaboration', 'value': 1, 'percentage': 9.090909}, {'collabType': 'No academic-corporate collaboration', 'value': 10, 'percentage': 90.909096}]",57193665917,"Cañete, Pablo F."
AcademicCorporateCollaboration,"[{'collabType': 'Academic-corporate collaboration', 'value': 1, 'percentage': 2.1276596}, {'collabType': 'No academic-corporate collaboration', 'value': 46, 'percentage': 97.87234}]",57219133163,"Lee, Woeiming"
AcademicCorporateCollaboration,"[{'collabType': 'Academic-corporate collaboration', 'value': 0, 'percentage': 0.0}, {'collabType': 'No academic-corporate collaboration', 'value': 3, 'percentage': 100.0}]",57210424956,"Shen, Qian"
AcademicCorporateCollaboration,"[{'collabType': 'Academic-corporate collaboration', 'value': 0, 'percentage': 0.0}, {'collabType': 'No academic-corporate collaboration', 'value': 3, 'percentage': 100.0}]",57660859000,"Zhang, Yaoyuan"
AcademicCorporateCollaboration,"[{'collabType': 'Academic-corporate collaboration', 'value': 0, 'percentage': 0.0}, {'collabType': 'No academic-corporate collaboration', 'value': 3, 'percentage': 100.0}]",57201554907,"Miraghazadeh, Bahar"
AcademicCorporateCollaboration,"[{'collabType': 'Academic-corporate collaboration', 'value': 1, 'percentage': 7.692308}, {'collabType': 'No academic-corporate collaboration', 'value': 12, 'percentage': 92.30769}]",57188653588,"Chu-Tan, Joshua A."
AcademicCorporateCollaboration,"[{'collabType': 'Academic-corporate collaboration', 'value': 0, 'percentage': 0.0}, {'collabType': 'No academic-corporate collaboration', 'value': 11, 'percentage': 100.0}]",57215231660,"Li, Zheyi"
AcademicCorporateCollaboration,"[{'collabType': 'Academic-corporate collaboration', 'value': 0, 'percentage': 0.0}, {'collabType': 'No academic-corporate collaboration', 'value': 3, 'percentage': 100.0}]",57185905900,"Lee, Conrad C.Y."
AcademicCorporateCollaboration,"[{'collabType': 'Academic-corporate collaboration', 'value': 0, 'percentage': 0.0}, {'collabType': 'No academic-corporate collaboration', 'value': 3, 'percentage': 100.0}]",57215027600,"Dijkwel, Yasmin"
AcademicCorporateCollaboration,"[{'collabType': 'Academic-corporate collaboration', 'value': 0, 'percentage': 0.0}, {'collabType': 'No academic-corporate collaboration', 'value': 8, 'percentage': 100.0}]",37117221400,"Kordbacheh, Farzaneh"
AcademicCorporateCollaboration,"[{'collabType': 'Academic-corporate collaboration', 'value': 1, 'percentage': 25.0}, {'collabType': 'No academic-corporate collaboration', 'value': 3, 'percentage': 75.0}]",8934427100,"Sweet, Rebecca A."
AcademicCorporateCollaboration,"[{'collabType': 'Academic-corporate collaboration', 'value': 0, 'percentage': 0.0}, {'collabType': 'No academic-corporate collaboration', 'value': 5, 'percentage': 100.0}]",57117224700,"Jing, Weidong"
AcademicCorporateCollaboration,"[{'collabType': 'Academic-corporate collaboration', 'value': 0, 'percentage': 0.0}, {'collabType': 'No academic-corporate collaboration', 'value': 6, 'percentage': 100.0}]",57212284851,"Pandey, Abhimanu"
AcademicCorporateCollaboration,"[{'collabType': 'Academic-corporate collaboration', 'value': 0, 'percentage': 0.0}, {'collabType': 'No academic-corporate collaboration', 'value': 17, 'percentage': 100.0}]",23491230900,"Brüstle, Anne"
AcademicCorporateCollaboration,"[{'collabType': 'Academic-corporate collaboration', 'value': 0, 'percentage': 0.0}, {'collabType': 'No academic-corporate collaboration', 'value': 9, 'percentage': 100.0}]",36678774900,"Gautam, Vini"
AcademicCorporateCollaboration,"[{'collabType': 'Academic-corporate collaboration', 'value': 3, 'percentage': 10.0}, {'collabType': 'No academic-corporate collaboration', 'value': 27, 'percentage': 90.0}]",12774483500,"Cockburn, Ian A."
AcademicCorporateCollaboration,"[{'collabType': 'Academic-corporate collaboration', 'value': 0, 'percentage': 0.0}, {'collabType': 'No academic-corporate collaboration', 'value': 22, 'percentage': 100.0}]",6701682753,"Casarotto, Marco G."
AcademicCorporateCollaboration,"[{'collabType': 'Academic-corporate collaboration', 'value': 0, 'percentage': 0.0}, {'collabType': 'No academic-corporate collaboration', 'value': 5, 'percentage': 100.0}]",55584088400,"Honnuraiah, Suraj"
AcademicCorporateCollaboration,"[{'collabType': 'Academic-corporate collaboration', 'value': 0, 'percentage': 0.0}, {'collabType': 'No academic-corporate collaboration', 'value': 2, 'percentage': 100.0}]",6507865503,"Domaschenz, Renae"
AcademicCorporateCollaboration,"[{'collabType': 'Academic-corporate collaboration', 'value': 1, 'percentage': 5.0}, {'collabType': 'No academic-corporate collaboration', 'value': 19, 'percentage': 95.0}]",56271023800,"Fernando, Nilisha"
AcademicCorporateCollaboration,"[{'collabType': 'Academic-corporate collaboration', 'value': 0, 'percentage': 0.0}, {'collabType': 'No academic-corporate collaboration', 'value': 5, 'percentage': 100.0}]",7402664076,"James, Andrew Charles"
AcademicCorporateCollaboration,"[{'collabType': 'Academic-corporate collaboration', 'value': 0, 'percentage': 0.0}, {'collabType': 'No academic-corporate collaboration', 'value': 4, 'percentage': 100.0}]",57197314948,"Ryan, Daniel P."
AcademicCorporateCollaboration,"[{'collabType': 'Academic-corporate collaboration', 'value': 1, 'percentage': 7.692308}, {'collabType': 'No academic-corporate collaboration', 'value': 12, 'percentage': 92.30769}]",7102453029,"Stuart, Greg J."
AcademicCorporateCollaboration,"[{'collabType': 'Academic-corporate collaboration', 'value': 0, 'percentage': 0.0}, {'collabType': 'No academic-corporate collaboration', 'value': 7, 'percentage': 100.0}]",57196023637,"Khanna, Mayank"
AcademicCorporateCollaboration,"[{'collabType': 'Academic-corporate collaboration', 'value': 0, 'percentage': 0.0}, {'collabType': 'No academic-corporate collaboration', 'value': 7, 'percentage': 100.0}]",57208803993,"Stanley, Maurice"
AcademicCorporateCollaboration,"[{'collabType': 'Academic-corporate collaboration', 'value': 0, 'percentage': 0.0}, {'collabType': 'No academic-corporate collaboration', 'value': 2, 'percentage': 100.0}]",26024139600,"Gharaei, Saba"
AcademicCorporateCollaboration,"[{'collabType': 'Academic-corporate collaboration', 'value': 0, 'percentage': 0.0}, {'collabType': 'No academic-corporate collaboration', 'value': 24, 'percentage': 100.0}]",35515377100,"Parish, Christopher R."
AcademicCorporateCollaboration,"[{'collabType': 'Academic-corporate collaboration', 'value': 0, 'percentage': 0.0}, {'collabType': 'No academic-corporate collaboration', 'value': 2, 'percentage': 100.0}]",57193491114,"Huang, Helena H.Y."
AcademicCorporateCollaboration,"[{'collabType': 'Academic-corporate collaboration', 'value': 0, 'percentage': 0.0}, {'collabType': 'No academic-corporate collaboration', 'value': 3, 'percentage': 100.0}]",57221310471,"Cohen, Rubijayne"
AcademicCorporateCollaboration,"[{'collabType': 'Academic-corporate collaboration', 'value': 0, 'percentage': 0.0}, {'collabType': 'No academic-corporate collaboration', 'value': 3, 'percentage': 100.0}]",57222145242,"Boast, Brigette"
AcademicCorporateCollaboration,"[{'collabType': 'Academic-corporate collaboration', 'value': 1, 'percentage': 20.0}, {'collabType': 'No academic-corporate collaboration', 'value': 4, 'percentage': 80.0}]",7102628941,"Horikawa, Keisuke"
AcademicCorporateCollaboration,"[{'collabType': 'Academic-corporate collaboration', 'value': 1, 'percentage': 16.666668}, {'collabType': 'No academic-corporate collaboration', 'value': 5, 'percentage': 83.33333}]",9042311600,"Soboleva, Tatiana A."
AcademicCorporateCollaboration,"[{'collabType': 'Academic-corporate collaboration', 'value': 1, 'percentage': 7.1428576}, {'collabType': 'No academic-corporate collaboration', 'value': 13, 'percentage': 92.85714}]",7003477284,"Tremethick, David John"
AcademicCorporateCollaboration,"[{'collabType': 'Academic-corporate collaboration', 'value': 0, 'percentage': 0.0}, {'collabType': 'No academic-corporate collaboration', 'value': 13, 'percentage': 100.0}]",37015147100,"Carle, Corinne Frances"
AcademicCorporateCollaboration,"[{'collabType': 'Academic-corporate collaboration', 'value': 1, 'percentage': 7.692308}, {'collabType': 'No academic-corporate collaboration', 'value': 12, 'percentage': 92.30769}]",6507012293,"Miosge, Lisa A."
AcademicCorporateCollaboration,"[{'collabType': 'Academic-corporate collaboration', 'value': 0, 'percentage': 0.0}, {'collabType': 'No academic-corporate collaboration', 'value': 18, 'percentage': 100.0}]",6602802066,"McMorran, Brendan J."
AcademicCorporateCollaboration,"[{'collabType': 'Academic-corporate collaboration', 'value': 0, 'percentage': 0.0}, {'collabType': 'No academic-corporate collaboration', 'value': 10, 'percentage': 100.0}]",57211858961,"Rai, Bhim B."
AcademicCorporateCollaboration,"[{'collabType': 'Academic-corporate collaboration', 'value': 0, 'percentage': 0.0}, {'collabType': 'No academic-corporate collaboration', 'value': 7, 'percentage': 100.0}]",57021021900,"Hong, Nansook"
AcademicCorporateCollaboration,"[{'collabType': 'Academic-corporate collaboration', 'value': 0, 'percentage': 0.0}, {'collabType': 'No academic-corporate collaboration', 'value': 19, 'percentage': 100.0}]",56601665200,"Foote, Simon J."
AcademicCorporateCollaboration,"[{'collabType': 'Academic-corporate collaboration', 'value': 0, 'percentage': 0.0}, {'collabType': 'No academic-corporate collaboration', 'value': 19, 'percentage': 100.0}]",8736056000,"Parish, Ian A."
AcademicCorporateCollaboration,"[{'collabType': 'Academic-corporate collaboration', 'value': 0, 'percentage': 0.0}, {'collabType': 'No academic-corporate collaboration', 'value': 6, 'percentage': 100.0}]",55874730600,"Zaytseva, Olga A."
AcademicCorporateCollaboration,"[{'collabType': 'Academic-corporate collaboration', 'value': 1, 'percentage': 20.0}, {'collabType': 'No academic-corporate collaboration', 'value': 4, 'percentage': 80.0}]",23470895100,"Paz-Filho, Gilberto"
AcademicCorporateCollaboration,"[{'collabType': 'Academic-corporate collaboration', 'value': 0, 'percentage': 0.0}, {'collabType': 'No academic-corporate collaboration', 'value': 0, 'percentage': 0.0}]",36455249900,"Wu, Zuopeng"
AcademicCorporateCollaboration,"[{'collabType': 'Academic-corporate collaboration', 'value': 0, 'percentage': 0.0}, {'collabType': 'No academic-corporate collaboration', 'value': 4, 'percentage': 100.0}]",55513880800,"Huang, Hongming"
AcademicCorporateCollaboration,"[{'collabType': 'Academic-corporate collaboration', 'value': 2, 'percentage': 18.181818}, {'collabType': 'No academic-corporate collaboration', 'value': 9, 'percentage': 81.818184}]",35351327800,"Andrews, Thomas Daniel"
AcademicCorporateCollaboration,"[{'collabType': 'Academic-corporate collaboration', 'value': 0, 'percentage': 0.0}, {'collabType': 'No academic-corporate collaboration', 'value': 7, 'percentage': 100.0}]",9238617500,"Quah, Benjamin"
AcademicCorporateCollaboration,"[{'collabType': 'Academic-corporate collaboration', 'value': 0, 'percentage': 0.0}, {'collabType': 'No academic-corporate collaboration', 'value': 1, 'percentage': 100.0}]",36659821100,"O'Meara, Connor H."
AcademicCorporateCollaboration,"[{'collabType': 'Academic-corporate collaboration', 'value': 0, 'percentage': 0.0}, {'collabType': 'No academic-corporate collaboration', 'value': 5, 'percentage': 100.0}]",55734890300,"Tummala, Padmaja"
AcademicCorporateCollaboration,"[{'collabType': 'Academic-corporate collaboration', 'value': 0, 'percentage': 0.0}, {'collabType': 'No academic-corporate collaboration', 'value': 20, 'percentage': 100.0}]",7003741274,"Daria, Vincent Ricardo"
AcademicCorporateCollaboration,"[{'collabType': 'Academic-corporate collaboration', 'value': 0, 'percentage': 0.0}, {'collabType': 'No academic-corporate collaboration', 'value': 4, 'percentage': 100.0}]",6506599158,"Delghingaro-Augusto, V."
AcademicCorporateCollaboration,"[{'collabType': 'Academic-corporate collaboration', 'value': 3, 'percentage': 30.000002}, {'collabType': 'No academic-corporate collaboration', 'value': 7, 'percentage': 70.0}]",6506236916,"Athanasopoulos, Vicki"
AcademicCorporateCollaboration,"[{'collabType': 'Academic-corporate collaboration', 'value': 0, 'percentage': 0.0}, {'collabType': 'No academic-corporate collaboration', 'value': 38, 'percentage': 100.0}]",7003901789,"Maddess, Ted L."
AcademicCorporateCollaboration,"[{'collabType': 'Academic-corporate collaboration', 'value': 0, 'percentage': 0.0}, {'collabType': 'No academic-corporate collaboration', 'value': 1, 'percentage': 100.0}]",57659289000,"Meng, Xiangpeng"
AcademicCorporateCollaboration,"[{'collabType': 'Academic-corporate collaboration', 'value': 1, 'percentage': 16.666668}, {'collabType': 'No academic-corporate collaboration', 'value': 5, 'percentage': 83.33333}]",55497027100,"González-Figueroa, Paula"
AcademicCorporateCollaboration,"[{'collabType': 'Academic-corporate collaboration', 'value': 0, 'percentage': 0.0}, {'collabType': 'No academic-corporate collaboration', 'value': 7, 'percentage': 100.0}]",7003264101,"Simeonovic, Charmaine J."
AcademicCorporateCollaboration,"[{'collabType': 'Academic-corporate collaboration', 'value': 0, 'percentage': 0.0}, {'collabType': 'No academic-corporate collaboration', 'value': 8, 'percentage': 100.0}]",31367533500,"Kheradpezhouh, Ehsan"
AcademicCorporateCollaboration,"[{'collabType': 'Academic-corporate collaboration', 'value': 5, 'percentage': 13.513513}, {'collabType': 'No academic-corporate collaboration', 'value': 32, 'percentage': 86.48649}]",6602533471,"Vinuesa, Carola G."
AcademicCorporateCollaboration,"[{'collabType': 'Academic-corporate collaboration', 'value': 0, 'percentage': 0.0}, {'collabType': 'No academic-corporate collaboration', 'value': 1, 'percentage': 100.0}]",57451937400,"Hao, Yuwei"
AcademicCorporateCollaboration,"[{'collabType': 'Academic-corporate collaboration', 'value': 0, 'percentage': 0.0}, {'collabType': 'No academic-corporate collaboration', 'value': 8, 'percentage': 100.0}]",55496892400,"Roco, Jonathan A."
AcademicCorporateCollaboration,"[{'collabType': 'Academic-corporate collaboration', 'value': 3, 'percentage': 30.000002}, {'collabType': 'No academic-corporate collaboration', 'value': 7, 'percentage': 70.0}]",6508009461,"Ellyard, Julia I."
AcademicCorporateCollaboration,"[{'collabType': 'Academic-corporate collaboration', 'value': 0, 'percentage': 0.0}, {'collabType': 'No academic-corporate collaboration', 'value': 21, 'percentage': 100.0}]",57197798188,"Shishmarev, Dmitry"
AcademicCorporateCollaboration,"[{'collabType': 'Academic-corporate collaboration', 'value': 4, 'percentage': 28.57143}, {'collabType': 'No academic-corporate collaboration', 'value': 10, 'percentage': 71.42857}]",7005803471,"Blackburn, Anneke C."
AcademicCorporateCollaboration,"[{'collabType': 'Academic-corporate collaboration', 'value': 0, 'percentage': 0.0}, {'collabType': 'No academic-corporate collaboration', 'value': 54, 'percentage': 100.0}]",7005276757,"Nisbet, David Russell"
AcademicCorporateCollaboration,"[{'collabType': 'Academic-corporate collaboration', 'value': 0, 'percentage': 0.0}, {'collabType': 'No academic-corporate collaboration', 'value': 15, 'percentage': 100.0}]",36609154000,"Sabeti, Faran"
AcademicCorporateCollaboration,"[{'collabType': 'Academic-corporate collaboration', 'value': 0, 'percentage': 0.0}, {'collabType': 'No academic-corporate collaboration', 'value': 21, 'percentage': 100.0}]",6505854090,"Arabzadeh, Ehsan"
AcademicCorporateCollaboration,"[{'collabType': 'Academic-corporate collaboration', 'value': 1, 'percentage': 4.5454545}, {'collabType': 'No academic-corporate collaboration', 'value': 21, 'percentage': 95.454544}]",35076381300,"Patel, Hardip R."
AcademicCorporateCollaboration,"[{'collabType': 'Academic-corporate collaboration', 'value': 0, 'percentage': 0.0}, {'collabType': 'No academic-corporate collaboration', 'value': 4, 'percentage': 100.0}]",56692353000,"Mohamed, Elmira"
AcademicCorporateCollaboration,"[{'collabType': 'Academic-corporate collaboration', 'value': 0, 'percentage': 0.0}, {'collabType': 'No academic-corporate collaboration', 'value': 2, 'percentage': 100.0}]",56410135700,"Lee, Cindy Eunhee"
AcademicCorporateCollaboration,"[{'collabType': 'Academic-corporate collaboration', 'value': 0, 'percentage': 0.0}, {'collabType': 'No academic-corporate collaboration', 'value': 9, 'percentage': 100.0}]",57192308788,"Castañares, Michael Lawrence"
AcademicCorporateCollaboration,"[{'collabType': 'Academic-corporate collaboration', 'value': 0, 'percentage': 0.0}, {'collabType': 'No academic-corporate collaboration', 'value': 2, 'percentage': 100.0}]",6601990597,"Billups, Brian"
AcademicCorporateCollaboration,"[{'collabType': 'Academic-corporate collaboration', 'value': 1, 'percentage': 14.285715}, {'collabType': 'No academic-corporate collaboration', 'value': 6, 'percentage': 85.71429}]",14063470600,"Holgate, Joan Y."
AcademicCorporateCollaboration,"[{'collabType': 'Academic-corporate collaboration', 'value': 0, 'percentage': 0.0}, {'collabType': 'No academic-corporate collaboration', 'value': 10, 'percentage': 100.0}]",57189947790,"Wooff, Yvette"
AcademicCorporateCollaboration,"[{'collabType': 'Academic-corporate collaboration', 'value': 0, 'percentage': 0.0}, {'collabType': 'No academic-corporate collaboration', 'value': 9, 'percentage': 100.0}]",57205957535,"Bekkers, John M."
AcademicCorporateCollaboration,"[{'collabType': 'Academic-corporate collaboration', 'value': 0, 'percentage': 0.0}, {'collabType': 'No academic-corporate collaboration', 'value': 19, 'percentage': 100.0}]",6603109978,"Ranasinghe, Charani"
AcademicCorporateCollaboration,"[{'collabType': 'Academic-corporate collaboration', 'value': 0, 'percentage': 0.0}, {'collabType': 'No academic-corporate collaboration', 'value': 2, 'percentage': 100.0}]",57210896436,"Janapala, Yoshika"
AcademicCorporateCollaboration,"[{'collabType': 'Academic-corporate collaboration', 'value': 0, 'percentage': 0.0}, {'collabType': 'No academic-corporate collaboration', 'value': 9, 'percentage': 100.0}]",16176492500,"Schumann, Ulrike"
AcademicCorporateCollaboration,"[{'collabType': 'Academic-corporate collaboration', 'value': 0, 'percentage': 0.0}, {'collabType': 'No academic-corporate collaboration', 'value': 4, 'percentage': 100.0}]",9133286600,"van Kleef, Joshua P."
AcademicCorporateCollaboration,"[{'collabType': 'Academic-corporate collaboration', 'value': 0, 'percentage': 0.0}, {'collabType': 'No academic-corporate collaboration', 'value': 2, 'percentage': 100.0}]",57193535524,"Hulme, Sarah R."
AcademicCorporateCollaboration,"[{'collabType': 'Academic-corporate collaboration', 'value': 1, 'percentage': 12.5}, {'collabType': 'No academic-corporate collaboration', 'value': 7, 'percentage': 87.5}]",55203125700,"Papa, Ilenia"
AcademicCorporateCollaboration,"[{'collabType': 'Academic-corporate collaboration', 'value': 0, 'percentage': 0.0}, {'collabType': 'No academic-corporate collaboration', 'value': 13, 'percentage': 100.0}]",57605871500,"Wang, Yi"
AcademicCorporateCollaboration,"[{'collabType': 'Academic-corporate collaboration', 'value': 0, 'percentage': 0.0}, {'collabType': 'No academic-corporate collaboration', 'value': 4, 'percentage': 100.0}]",57206668645,"Wilson, Alicia S."
AcademicCorporateCollaboration,"[{'collabType': 'Academic-corporate collaboration', 'value': 0, 'percentage': 0.0}, {'collabType': 'No academic-corporate collaboration', 'value': 9, 'percentage': 100.0}]",8514433200,"Shirokikh, Nikolay E."
AcademicCorporateCollaboration,"[{'collabType': 'Academic-corporate collaboration', 'value': 1, 'percentage': 10.0}, {'collabType': 'No academic-corporate collaboration', 'value': 9, 'percentage': 90.0}]",57202010773,"Cioanca, Adrian V."
AcademicCorporateCollaboration,"[{'collabType': 'Academic-corporate collaboration', 'value': 0, 'percentage': 0.0}, {'collabType': 'No academic-corporate collaboration', 'value': 3, 'percentage': 100.0}]",55998953300,"Simon Davis, David Anak"
AcademicCorporateCollaboration,"[{'collabType': 'Academic-corporate collaboration', 'value': 0, 'percentage': 0.0}, {'collabType': 'No academic-corporate collaboration', 'value': 5, 'percentage': 100.0}]",55911614600,"Tantirigama, Malinda L.S."
AcademicCorporateCollaboration,"[{'collabType': 'Academic-corporate collaboration', 'value': 0, 'percentage': 0.0}, {'collabType': 'No academic-corporate collaboration', 'value': 10, 'percentage': 100.0}]",6602731148,"Arkell, Ruth M."
AcademicCorporateCollaboration,"[{'collabType': 'Academic-corporate collaboration', 'value': 1, 'percentage': 7.1428576}, {'collabType': 'No academic-corporate collaboration', 'value': 13, 'percentage': 92.85714}]",57206443863,"Enders, Anselm"
AcademicCorporateCollaboration,"[{'collabType': 'Academic-corporate collaboration', 'value': 1, 'percentage': 11.111112}, {'collabType': 'No academic-corporate collaboration', 'value': 8, 'percentage': 88.88889}]",8776629000,"George, Amee J."
AcademicCorporateCollaboration,"[{'collabType': 'Academic-corporate collaboration', 'value': 0, 'percentage': 0.0}, {'collabType': 'No academic-corporate collaboration', 'value': 12, 'percentage': 100.0}]",7801660143,"Woodberry, Tonia"
AcademicCorporateCollaboration,"[{'collabType': 'Academic-corporate collaboration', 'value': 1, 'percentage': 50.0}, {'collabType': 'No academic-corporate collaboration', 'value': 1, 'percentage': 50.0}]",57205436335,"Reid, Jane E.A."
AcademicCorporateCollaboration,"[{'collabType': 'Academic-corporate collaboration', 'value': 0, 'percentage': 0.0}, {'collabType': 'No academic-corporate collaboration', 'value': 16, 'percentage': 100.0}]",57195355018,"Tuipulotu, Daniel Enosi"
AcademicCorporateCollaboration,"[{'collabType': 'Academic-corporate collaboration', 'value': 0, 'percentage': 0.0}, {'collabType': 'No academic-corporate collaboration', 'value': 7, 'percentage': 100.0}]",57216275911,"Bonello, Teresa T."
AcademicCorporateCollaboration,"[{'collabType': 'Academic-corporate collaboration', 'value': 0, 'percentage': 0.0}, {'collabType': 'No academic-corporate collaboration', 'value': 12, 'percentage': 100.0}]",57189465385,"Hearn, James I."
AcademicCorporateCollaboration,"[{'collabType': 'Academic-corporate collaboration', 'value': 0, 'percentage': 0.0}, {'collabType': 'No academic-corporate collaboration', 'value': 2, 'percentage': 100.0}]",16554115600,"Barbosa, Marconi Soares"
AcademicCorporateCollaboration,"[{'collabType': 'Academic-corporate collaboration', 'value': 0, 'percentage': 0.0}, {'collabType': 'No academic-corporate collaboration', 'value': 4, 'percentage': 100.0}]",36696850100,"Bhagavathi Perumal, Madhusoothanan"
AcademicCorporateCollaboration,"[{'collabType': 'Academic-corporate collaboration', 'value': 0, 'percentage': 0.0}, {'collabType': 'No academic-corporate collaboration', 'value': 9, 'percentage': 100.0}]",55670009900,"Arsov, Todor"
AcademicCorporateCollaboration,"[{'collabType': 'Academic-corporate collaboration', 'value': 0, 'percentage': 0.0}, {'collabType': 'No academic-corporate collaboration', 'value': 13, 'percentage': 100.0}]",55629585700,"Chen, Zhian"
AcademicCorporateCollaboration,"[{'collabType': 'Academic-corporate collaboration', 'value': 0, 'percentage': 0.0}, {'collabType': 'No academic-corporate collaboration', 'value': 4, 'percentage': 100.0}]",7003510367,"Gallant, Esther M."
AcademicCorporateCollaboration,"[{'collabType': 'Academic-corporate collaboration', 'value': 1, 'percentage': 14.285715}, {'collabType': 'No academic-corporate collaboration', 'value': 6, 'percentage': 85.71429}]",26537597100,"Kurscheid, Sebastian"
AcademicCorporateCollaboration,"[{'collabType': 'Academic-corporate collaboration', 'value': 1, 'percentage': 3.5714288}, {'collabType': 'No academic-corporate collaboration', 'value': 27, 'percentage': 96.42857}]",57202536558,"Kelly, Hannah Gabrielle"
AcademicCorporateCollaboration,"[{'collabType': 'Academic-corporate collaboration', 'value': 1, 'percentage': 12.5}, {'collabType': 'No academic-corporate collaboration', 'value': 7, 'percentage': 87.5}]",56800617600,"Al Abed, Alice Shaam"
AcademicCorporateCollaboration,"[{'collabType': 'Academic-corporate collaboration', 'value': 0, 'percentage': 0.0}, {'collabType': 'No academic-corporate collaboration', 'value': 8, 'percentage': 100.0}]",24476546400,"Dehorter, Nathalie"
AcademicCorporateCollaboration,"[{'collabType': 'Academic-corporate collaboration', 'value': 5, 'percentage': 50.0}, {'collabType': 'No academic-corporate collaboration', 'value': 5, 'percentage': 50.0}]",57197536277,"Burr, Marian L."
AcademicCorporateCollaboration,"[{'collabType': 'Academic-corporate collaboration', 'value': 0, 'percentage': 0.0}, {'collabType': 'No academic-corporate collaboration', 'value': 25, 'percentage': 100.0}]",56377106500,"Montague, Samantha J."
AcademicCorporateCollaboration,"[{'collabType': 'Academic-corporate collaboration', 'value': 1, 'percentage': 3.3333335}, {'collabType': 'No academic-corporate collaboration', 'value': 29, 'percentage': 96.666664}]",8744644900,"Natoli, Riccardo Carlo"
AcademicCorporateCollaboration,"[{'collabType': 'Academic-corporate collaboration', 'value': 2, 'percentage': 16.666668}, {'collabType': 'No academic-corporate collaboration', 'value': 10, 'percentage': 83.33333}]",23984505600,"Hein, Nadine"
AcademicCorporateCollaboration,"[{'collabType': 'Academic-corporate collaboration', 'value': 1, 'percentage': 4.347826}, {'collabType': 'No academic-corporate collaboration', 'value': 22, 'percentage': 95.652176}]",6603402723,"Eyras, Eduardo"
AcademicCorporateCollaboration,"[{'collabType': 'Academic-corporate collaboration', 'value': 0, 'percentage': 0.0}, {'collabType': 'No academic-corporate collaboration', 'value': 25, 'percentage': 100.0}]",55574285700,"Horváth, Attila"
AcademicCorporateCollaboration,"[{'collabType': 'Academic-corporate collaboration', 'value': 0, 'percentage': 0.0}, {'collabType': 'No academic-corporate collaboration', 'value': 8, 'percentage': 100.0}]",57191613608,"Yunis, Joseph"
AcademicCorporateCollaboration,"[{'collabType': 'Academic-corporate collaboration', 'value': 0, 'percentage': 0.0}, {'collabType': 'No academic-corporate collaboration', 'value': 22, 'percentage': 100.0}]",7102039580,"Board, Philip G."
AcademicCorporateCollaboration,"[{'collabType': 'Academic-corporate collaboration', 'value': 0, 'percentage': 0.0}, {'collabType': 'No academic-corporate collaboration', 'value': 7, 'percentage': 100.0}]",6507760934,"Atmosukarto, Ines I.C."
AcademicCorporateCollaboration,"[{'collabType': 'Academic-corporate collaboration', 'value': 1, 'percentage': 9.090909}, {'collabType': 'No academic-corporate collaboration', 'value': 10, 'percentage': 90.909096}]",7005456988,"Quinn, Leonie M."
AcademicCorporateCollaboration,"[{'collabType': 'Academic-corporate collaboration', 'value': 0, 'percentage': 0.0}, {'collabType': 'No academic-corporate collaboration', 'value': 8, 'percentage': 100.0}]",6701852688,"Fulcher, David A."
AcademicCorporateCollaboration,"[{'collabType': 'Academic-corporate collaboration', 'value': 1, 'percentage': 12.5}, {'collabType': 'No academic-corporate collaboration', 'value': 7, 'percentage': 87.5}]",14324296100,"Connelly, William M."
AcademicCorporateCollaboration,"[{'collabType': 'Academic-corporate collaboration', 'value': 0, 'percentage': 0.0}, {'collabType': 'No academic-corporate collaboration', 'value': 5, 'percentage': 100.0}]",57190222373,"Das, Shannon J."
AcademicCorporateCollaboration,"[{'collabType': 'Academic-corporate collaboration', 'value': 0, 'percentage': 0.0}, {'collabType': 'No academic-corporate collaboration', 'value': 35, 'percentage': 100.0}]",7403191361,"Cook, Matthew C."
AcademicCorporateCollaboration,"[{'collabType': 'Academic-corporate collaboration', 'value': 0, 'percentage': 0.0}, {'collabType': 'No academic-corporate collaboration', 'value': 38, 'percentage': 100.0}]",57214757307,"Man, Si Ming"
AcademicCorporateCollaboration,"[{'collabType': 'Academic-corporate collaboration', 'value': 4, 'percentage': 36.363636}, {'collabType': 'No academic-corporate collaboration', 'value': 7, 'percentage': 63.636364}]",57217578114,"Mann, Graham J."
AcademicCorporateCollaboration,"[{'collabType': 'Academic-corporate collaboration', 'value': 0, 'percentage': 0.0}, {'collabType': 'No academic-corporate collaboration', 'value': 1, 'percentage': 100.0}]",57207489705,"McKenzie, Nicholas J."
AcademicCorporateCollaboration,"[{'collabType': 'Academic-corporate collaboration', 'value': 1, 'percentage': 25.0}, {'collabType': 'No academic-corporate collaboration', 'value': 3, 'percentage': 75.0}]",56610009800,"Aye, Racheal"
AcademicCorporateCollaboration,"[{'collabType': 'Academic-corporate collaboration', 'value': 0, 'percentage': 0.0}, {'collabType': 'No academic-corporate collaboration', 'value': 1, 'percentage': 100.0}]",8765527300,"Urwin, Debra L."
AcademicCorporateCollaboration,"[{'collabType': 'Academic-corporate collaboration', 'value': 0, 'percentage': 0.0}, {'collabType': 'No academic-corporate collaboration', 'value': 1, 'percentage': 100.0}]",7005737917,"Redman, Stephen John"
AcademicCorporateCollaboration,"[{'collabType': 'Academic-corporate collaboration', 'value': 0, 'percentage': 0.0}, {'collabType': 'No academic-corporate collaboration', 'value': 8, 'percentage': 100.0}]",55762411500,"Tang, Matthew F."
AcademicCorporateCollaboration,"[{'collabType': 'Academic-corporate collaboration', 'value': 0, 'percentage': 0.0}, {'collabType': 'No academic-corporate collaboration', 'value': 3, 'percentage': 100.0}]",57204619584,"Woodhouse, Rachel M."
AcademicCorporateCollaboration,"[{'collabType': 'Academic-corporate collaboration', 'value': 10, 'percentage': 25.0}, {'collabType': 'No academic-corporate collaboration', 'value': 30, 'percentage': 75.0}]",8584291800,"Polizzotto, Mark N."
AcademicCorporateCollaboration,"[{'collabType': 'Academic-corporate collaboration', 'value': 0, 'percentage': 0.0}, {'collabType': 'No academic-corporate collaboration', 'value': 14, 'percentage': 100.0}]",55948280800,"Xue, Yansong"
AcademicCorporateCollaboration,"[{'collabType': 'Academic-corporate collaboration', 'value': 1, 'percentage': 1.923077}, {'collabType': 'No academic-corporate collaboration', 'value': 51, 'percentage': 98.07692}]",7404666250,"Yu, Di"
AcademicCorporateCollaboration,"[{'collabType': 'Academic-corporate collaboration', 'value': 0, 'percentage': 0.0}, {'collabType': 'No academic-corporate collaboration', 'value': 5, 'percentage': 100.0}]",56345822100,"Closa, Adrià"
AcademicCorporateCollaboration,"[{'collabType': 'Academic-corporate collaboration', 'value': 0, 'percentage': 0.0}, {'collabType': 'No academic-corporate collaboration', 'value': 6, 'percentage': 100.0}]",55935155900,"Murthy, Ambika Mosale Venkatesh"
AcademicCorporateCollaboration,"[{'collabType': 'Academic-corporate collaboration', 'value': 0, 'percentage': 0.0}, {'collabType': 'No academic-corporate collaboration', 'value': 6, 'percentage': 100.0}]",57211317427,"Gowripalan, Anjali"
AcademicCorporateCollaboration,"[{'collabType': 'Academic-corporate collaboration', 'value': 1, 'percentage': 7.1428576}, {'collabType': 'No academic-corporate collaboration', 'value': 13, 'percentage': 92.85714}]",7006034871,"Lamb, Trevor D."
AcademicCorporateCollaboration,"[{'collabType': 'Academic-corporate collaboration', 'value': 0, 'percentage': 0.0}, {'collabType': 'No academic-corporate collaboration', 'value': 11, 'percentage': 100.0}]",55413116800,"Sundararaj, Srinivasan"
AcademicCorporateCollaboration,"[{'collabType': 'Academic-corporate collaboration', 'value': 0, 'percentage': 0.0}, {'collabType': 'No academic-corporate collaboration', 'value': 8, 'percentage': 100.0}]",56819840600,"Croft, Sarah N."
AcademicCorporateCollaboration,"[{'collabType': 'Academic-corporate collaboration', 'value': 4, 'percentage': 11.428572}, {'collabType': 'No academic-corporate collaboration', 'value': 31, 'percentage': 88.57143}]",7006328373,"Hannan, Ross D."
AcademicCorporateCollaboration,"[{'collabType': 'Academic-corporate collaboration', 'value': 2, 'percentage': 40.0}, {'collabType': 'No academic-corporate collaboration', 'value': 3, 'percentage': 60.000004}]",57199948926,"Ferreira, Rita"
AcademicCorporateCollaboration,"[{'collabType': 'Academic-corporate collaboration', 'value': 1, 'percentage': 12.5}, {'collabType': 'No academic-corporate collaboration', 'value': 7, 'percentage': 87.5}]",7402051682,"Fischer, Tamás"
AcademicCorporateCollaboration,"[{'collabType': 'Academic-corporate collaboration', 'value': 2, 'percentage': 2.3255813}, {'collabType': 'No academic-corporate collaboration', 'value': 84, 'percentage': 97.674416}]",7005444298,"Gardiner, Elizabeth E."
AcademicCorporateCollaboration,"[{'collabType': 'Academic-corporate collaboration', 'value': 0, 'percentage': 0.0}, {'collabType': 'No academic-corporate collaboration', 'value': 11, 'percentage': 100.0}]",36853892600,"Wen, Jiayu"
AcademicCorporateCollaboration,"[{'collabType': 'Academic-corporate collaboration', 'value': 0, 'percentage': 0.0}, {'collabType': 'No academic-corporate collaboration', 'value': 9, 'percentage': 100.0}]",7402232574,"Wagner, Susan"
AcademicCorporateCollaboration,"[{'collabType': 'Academic-corporate collaboration', 'value': 0, 'percentage': 0.0}, {'collabType': 'No academic-corporate collaboration', 'value': 5, 'percentage': 100.0}]",57191177830,"Huebner, Sharon"
AcademicCorporateCollaboration,"[{'collabType': 'Academic-corporate collaboration', 'value': 0, 'percentage': 0.0}, {'collabType': 'No academic-corporate collaboration', 'value': 6, 'percentage': 100.0}]",56286385100,"Broersen, Robin"
AcademicCorporateCollaboration,"[{'collabType': 'Academic-corporate collaboration', 'value': 3, 'percentage': 12.5}, {'collabType': 'No academic-corporate collaboration', 'value': 21, 'percentage': 87.5}]",6701806258,"Hannan, Katherine M."
AcademicCorporateCollaboration,"[{'collabType': 'Academic-corporate collaboration', 'value': 0, 'percentage': 0.0}, {'collabType': 'No academic-corporate collaboration', 'value': 13, 'percentage': 100.0}]",57214665866,"Lim, Yeanjin"
AcademicCorporateCollaboration,"[{'collabType': 'Academic-corporate collaboration', 'value': 0, 'percentage': 0.0}, {'collabType': 'No academic-corporate collaboration', 'value': 3, 'percentage': 100.0}]",6504566924,"Farlow, Ashley R."
AcademicCorporateCollaboration,"[{'collabType': 'Academic-corporate collaboration', 'value': 1, 'percentage': 20.0}, {'collabType': 'No academic-corporate collaboration', 'value': 4, 'percentage': 80.0}]",16039244600,"Hayashi, Rippei"
AcademicCorporateCollaboration,"[{'collabType': 'Academic-corporate collaboration', 'value': 2, 'percentage': 6.8965516}, {'collabType': 'No academic-corporate collaboration', 'value': 27, 'percentage': 93.10345}]",57208450526,"Thompson, Barry James L."
AcademicCorporateCollaboration,"[{'collabType': 'Academic-corporate collaboration', 'value': 0, 'percentage': 0.0}, {'collabType': 'No academic-corporate collaboration', 'value': 2, 'percentage': 100.0}]",26644276900,"Ragan, Chikako"
AcademicCorporateCollaboration,"[{'collabType': 'Academic-corporate collaboration', 'value': 0, 'percentage': 0.0}, {'collabType': 'No academic-corporate collaboration', 'value': 19, 'percentage': 100.0}]",7005882533,"Dulhunty, Angela Fay"
AcademicCorporateCollaboration,"[{'collabType': 'Academic-corporate collaboration', 'value': 0, 'percentage': 0.0}, {'collabType': 'No academic-corporate collaboration', 'value': 6, 'percentage': 100.0}]",18041779300,"Evers, Maurits"
